Nombres,DNI,Ciudad Natal,Pais Origen,Fecha Nacimiento
Lillian Garrett,4607417,Tarbes,Chile,09/56/93
Teegan Mccray,5854701,San José de Alajuela,Brazil,15/21/92
Lacota Michael,4495054,Paraíso,Brazil,17/00/86
Carissa Good,6481036,Nevers,Australia,16/47/86
Kevin Mcclain,5380536,Châteauroux,New Zealand,12/14/89
Eliana Alston,7320331,Guarulhos,Australia,26/55/96
Phelan Blankenship,7651688,Dijon,New Zealand,19/01/89
Maia Koch,5372748,La Pintana,Chile,20/37/92
Cassandra Figueroa,7370589,Saint-Brieuc,Costa Rica,06/31/95
Lars Carrillo,7818689,Alajuela,Costa Rica,11/52/99
Pandora Burke,5190848,Subiaco,Chile,02/40/91
Neville Gray,4245974,Canberra,Peru,02/34/00
Paloma Delaney,6057091,Auxerre,Australia,05/58/96
Zoe Bruce,7557970,Aguacaliente (San Francisco],Brazil,08/47/84
Pamela Compton,7246547,Nicoya,Chile,22/32/90
Murphy Wagner,4334274,Machalí,Chile,18/33/99
Whoopi Miller,5699748,Burnie,Australia,08/11/91
Wynter Fletcher,7712795,Alajuelita,Costa Rica,18/43/94
Phyllis Herman,7339217,Launceston,Peru,01/52/84
Xanthus Rose,6749783,Blumenau,Peru,20/13/89
